<?xml version="1.0" encoding="UTF-8"?>
<actions>
        <action>
            <actionName>test</actionName>
            <goals>
                <goal>test</goal>
            </goals>
        </action>
        <action>
            <actionName>run</actionName>
            <goals>
                <goal>package</goal>
            </goals>
            <properties>
                <netbeans.deploy>true</netbeans.deploy>
                <maven.test.skip>true</maven.test.skip>
            </properties>
        </action>
    </actions>
