<ejb-jar xmlns="http://xmlns.jcp.org/xml/ns/javaee" xmlns:xsi="http://www.w3.org/2001/XMLSchema-instance"
	xsi:schemaLocation="http://xmlns.jcp.org/xml/ns/javaee
                      http://xmlns.jcp.org/xml/ns/javaee/ejb-jar_3_2.xsd"
	version="3.2">
	<interceptors>
		<interceptor>
			<interceptor-class>com.bazaar.DefaultInterceptor1</interceptor-class>
		</interceptor>
		<interceptor>
			<interceptor-class>com.bazaar.DefaultInterceptor2</interceptor-class>
		</interceptor>
	</interceptors>

	<assembly-descriptor>
		<interceptor-binding>
			<ejb-name>*</ejb-name>
			<interceptor-class>com.bazaar.DefaultInterceptor2</interceptor-class>
			<interceptor-class>com.bazaar.DefaultInterceptor1</interceptor-class>
		</interceptor-binding>
	</assembly-descriptor>
</ejb-jar>
