<ejb-jar xmlns="http://xmlns.jcp.org/xml/ns/javaee" xmlns:xsi="http://www.w3.org/2001/XMLSchema-instance"
	xsi:schemaLocation="http://xmlns.jcp.org/xml/ns/javaee
                      http://xmlns.jcp.org/xml/ns/javaee/ejb-jar_3_2.xsd"
	version="3.2">
	<interceptors>
		<interceptor>
			<interceptor-class>com.bazaar.MyInterceptor</interceptor-class>
		</interceptor>
	</interceptors>
	<assembly-descriptor>
		<interceptor-binding>
			<ejb-name>OrderBean</ejb-name>
			<interceptor-order>
				<interceptor-class>com.bazaar.MyInterceptor</interceptor-class>
			</interceptor-order>
			<method>
				<method-name>placeOrder</method-name>
			</method>
		</interceptor-binding>
	</assembly-descriptor>
</ejb-jar>
